date,card1,card2,card3,card4,picked_card,unpicked_card1,unpicked_card2
2018-02-20 22:09:50,Foglet,Dimun Light Longship,Ambassador,Arachas Venom*,Archespore,Ban Ard Tutor,Priestess of Freya
2018-02-20 22:08:59,An Craite Warrior,Dwarven Mercenary,Alchemist,Cadaverine,Mahakam Ale,Heymaey Protector,Nekker
2018-02-20 21:24:39,Deithwen Arbalest,An Craite Warcrier,Torrential Rain,Reinforced Trebuchet,Devana Runestone,Princess Pavetta,Treason
2018-02-20 21:23:38,Field Medic,Tuirseach Archer,Wild Hunt Warrior,Arachas Drone,Savage Bear,Ice Giant,Shrike
2018-02-20 21:22:47,Slave Hunter,Dimun Pirate,Arachas Drone*,Heymaey Flaminica,Ointment,Dimun Smuggler,Werecat
2018-02-20 00:34:48,Alchemist,Wild Hunt Warrior,Dwarven Skirmisher,Dimun Pirate,Slyzard,Tuirseach Veteran,Crushing Trap
2018-02-20 00:34:02,Redanian Knight-Elect,First Light,Torrential Rain,Ballista,Alpha Werewolf,Mardroeme,Redanian Elite
2018-02-20 00:33:19,Arachas Venom,Deithwen Arbalest,Heymaey Skald,Dol Blathanna Archer,Rotfiend,Half-Elf Hunter,Spores
2018-02-19 12:19:52,Berserker Marauder,Hawker Healer,Dol Blathanna Archer,Drowner,Petri's Philter,Reinforced Ballista,Dwarven Agitator
2018-02-18 14:44:28,Arachas Venom,Wild Hunt Warrior,An Craite Blacksmith,Dimun Pirate,Bridge Troll,Vrihedd Vanguard,Alba Pikeman
2018-02-18 14:43:21,Vrihedd Officer,Redanian Knight-Elect,Ballista,Deithwen Arbalest,Master of Disguise,Heymaey Protector,Bloody Flail
2018-02-18 12:01:02,Vrihedd Dragoon,Wild Hunt Warrior,Tuirseach Archer,Ghoul,Mastercrafted Spear,Sage,Ekimmara
2018-02-18 12:00:20,An Craite Warcrier,Tuirseach Skirmisher,Tuirseach Veteran,Redanian Knight,Venendal Elite,Reaver Scout,Werecat
2018-02-17 13:49:20,Fire Scorpion,Slave Infantry,Slave Driver,Alba Pikeman,Slyzard,Blue Stripe Commando,Dol Blathanna Bomber
2018-02-17 13:48:41,An Craite Armorsmith,Temerian Infantry,Berserker Marauder,Ice Troll,Heymaey Spearmaiden,Mahakam Guard,Crow's Eye
2018-02-17 12:01:06,Biting Frost,Maerolorn,Reinforced Trebuchet,Heymaey Skald,Lamia,Kaedweni Knight,Emissary
2018-02-17 12:00:12,An Craite Warcrier,An Craite Blacksmith,Siege Master,Wild Hunt Warrior,Nenneke,Draig Bon-Dhu,Maerolorn
2018-02-17 11:59:17,Celaeno Harpy,Dol Blathanna Bowman,Vrihedd Neophyte,Redanian Knight,Sentry,Mastercrafted Spear,Ban Ard Tutor
2018-02-17 11:57:48,Celaeno Harpy,First Light,Redanian Knight,Deithwen Arbalest,Tuirseach Bearmaster,Moonlight,Sage
2018-02-17 11:56:55,Alzur's Thunder,Dwarven Agitator,Kaedweni Sergeant,First Light,Ves,Nekurat,Johnny
2018-02-17 11:55:33,Impera Enforcers,Vrihedd Officer,Ballista,Blue Mountain Elite,Werecat*,Vicovaro Medic,Temerian Infantry
2018-02-17 11:54:22,Drowner,Celaeno Harpy,Ballista,Griffin,Stefan Skellen,Eskel: Pathfinder,Ithlinne Aegli
2018-02-17 11:50:05,Alchemist,Caretaker,First Light,Dimun Corsair,Peasant Militia,Poor F'ing Infantry,Dimun Warship
2018-02-14 19:25:58,Dol Blathanna Archer,Ballista,Vrihedd Dragoon,Hawker Healer,Slave Infantry,Vrihedd Sappers,Golden Froth
2018-02-12 21:54:40,An Craite Blacksmith,Alzur's Thunder,Fire Scorpion,Mahakam Defender,Yennefer: Enchantress*,Keira Metz,Saskia
2018-02-12 21:53:19,First Light,An Craite Armorsmith,Impera Enforcers,Dol Blathanna Archer,Blue Stripe Commando,Ekimmara,Heymaey Herbalist
2018-02-11 23:54:18,Foglet,Dwarven Skirmisher,Alchemist,Wild Hunt Warrior,Viper Witcher,An Craite Whaler,Reinforced Ballista
2018-02-10 13:15:56,Griffin,Celaeno Harpy,Heymaey Skald,Drowner,Rotfiend,Golden Froth,Sentry
2018-02-10 13:15:15,Arachas Venom,Nilfgaardian Knight,Alzur's Thunder,Blue Stripe Scout,Winch,Mardroeme,Combat Engineer
2018-02-10 13:14:23,Assassin,Vrihedd Dragoon,Dwarven Mercenary,Thunderbolt,Mahakam Ale,Siege Tower,Combat Engineer
2018-02-10 13:13:38,Dol Blathanna Archer,Tuirseach Skirmisher,Trebuchet,Reconnaissance,Caranthir Ar-Feiniel*,Letho: Kingslayer,Yennefer
2018-02-10 13:11:59,Redanian Knight,Fiend,Reaver Hunter,Ice Troll,Siren,Lacerate,Infiltrator
2018-02-10 13:11:21,Impenetrable Fog,Dimun Pirate,Wild Hunt Rider,Tuirseach Skirmisher,Kaedweni Revenant,Nekker Warrior,An Craite Raider
2018-02-10 13:10:12,An Craite Armorsmith,Thunderbolt,Blue Mountain Elite,Dimun Light Longship,Winch,Mahakam Ale,An Craite Marauder
2018-02-10 13:08:29,Siege Master,Tridam Infantry,Field Medic,Nauzicaa Brigade,Blue Stripe Commando,Sentry,Ancient Foglet
2018-02-10 13:07:33,Berserker Marauder,Redanian Knight,Wyvern,Nauzicaa Brigade,Recruit,Savage Bear,Wild Hunt Navigator
2018-02-10 13:06:48,Dwarven Skirmisher,An Craite Blacksmith,Torrential Rain,Tridam Infantry,Witch Hunter,Wyvern Scale Shield,Moonlight
2018-02-10 13:05:09,Celaeno Harpy,Tuirseach Skirmisher,An Craite Armorsmith,Kaedweni Sergeant,Dimun Warship,Ekimmara,Alba Armored Cavalry
2018-02-10 13:04:14,Alba Spearman,Nauzicaa Brigade,Fiend,Wyvern,Archespore,Tuirseach Bearmaster,Imperial Golem
2018-02-10 13:03:23,Reconnaissance*,Alba Pikeman,Alzur's Thunder,Swallow,Johnny*,Ifrit,Zoria Runestone
2018-02-10 13:01:27,Siege Master,Deithwen Arbalest,Redanian Knight,Dol Blathanna Bowman,Wild Hunt Navigator*,Panther,Vicovaro Medic
2018-02-10 13:00:10,Wyvern,D'ao,Ban Ard Tutor,Dwarven Skirmisher,Aedirnian Mauler,Savage Bear,Adrenaline Rush
2018-02-10 12:59:08,Ice Troll,Dwarven Mercenary,Sage,Fire Scorpion,Cynthia,Sabrina's Specter,Manticore Venom
2018-02-10 12:57:44,Nilfgaardian Knight*,An Craite Warrior,Dol Blathanna Bowman,Ballista,Barbegazi*,Cursed Knight,Spores
2018-02-10 12:56:05,Heymaey Flaminica,Blue Mountain Elite,Berserker Marauder,Hubert Rejk,Skellige Storm*,Nithral,Derran
2018-02-10 12:54:50,An Craite Warcrier,Alzur's Thunder,Griffin,Nilfgaardian Knight,Elven Swordmaster,Ekimmara,Siege Support
2018-02-10 12:53:57,Siege Master,Deithwen Arbalest,Alzur's Thunder,Kaedweni Sergeant,Cyclops,Farseer,Combat Engineer*
2018-02-10 12:52:30,Mangonel,Swallow,Griffin,Ambassador,Malena,Glorious Hunt,Blueboy Lugos
2018-02-10 12:50:48,Impenetrable Fog,Ointment,Field Medic,Wild Hunt Warrior,Vandergrift's Blade,Gremist,Nature's Gift
2018-02-10 12:49:26,Reaver Hunter,Arachas Venom,Hawker Support,Redanian Knight,Tuirseach Bearmaster,Dol Blathanna Sentry,Werecat
2018-02-10 12:48:20,Heymaey Skald,Alzur's Thunder,Berserker Marauder,Rot Tosser,Ointment,Redanian Elite*,Arachas Behemoth
2018-02-10 12:46:32,Dun Banner,Dol Blathanna Archer,Tuirseach Skirmisher,Bloody Flail,Dimun Corsair,Dol Blathanna Sentry,Crow's Eye
2018-02-10 11:58:23,Heymaey Flaminica,Dimun Pirate,An Craite Blacksmith,Kaedweni Knight,An Craite Marauder,Siege Support,Vrihedd Brigade
2017-09-12 22:24:28,Drowner,Ifrit,First Light,Alba Spearmen,Clan Drummond Shieldmaiden*,Redanian Elite,Lacerate
2017-09-12 22:23:53,Clan Tordarroch Shieldsmith,Torrential Rain,Swallow Potion,Fiend,Ekimmara*,Witch Hunter,Alba Armored Cavalry
2017-09-11 22:46:56,Vrihedd Dragoon,Clan Tordarroch Shieldsmith,Clan An Craite Warrior,Quen Sign,Vicovaro Medic,Reinforced Ballista,Priestess of Freya
2017-09-10 21:52:12,Vrihedd Dragoon,Biting Frost,Alchemist,Clan An Craite Warrior,Elven Mercenary,Bloodcurdling Roar,Nauzicaa Standard Bearer
2017-09-10 12:13:18,Kaedweni Siege Support,Clan Tordarroch Armorsmith,First Light,Clan Heymaey Skald,Alba Pikeman*,Temerian Infantryman,Vrihedd Vanguard
2017-09-10 12:12:26,Blue Mountain Commando,Elven Wardancer,Rot Tosser,Redanian Knight-Elect,Coral,Vesemir,Old Speartip: Asleep
2017-09-10 12:09:57,Mahakam Defender*,Clan An Craite Warcrier,Field Medic,Wild Hunt Rider,Reinforced Ballista,Nauzicaa Standard Bearer,Epidemic
2017-09-10 12:09:20,Wild Hunt Rider,Elven Wardancer,Fire Scorpion,Drowner,Assire Var Anahid*,Olgierd,Braenn
2017-09-10 12:08:30,Magne Division,Combat Engineer,Rot Tosser,Clan An Craite Warrior,Infiltrator,Poor Flanking Infantry,Mardroeme
2017-09-10 12:07:59,Fire Scorpion,Fiend,Hawker Healer,Redanian Knight-Elect,Mahakam Pyrotechnician,Clan Tuirseach Axeman,Impera Brigade
2017-09-08 22:47:19,Clan An Craite Warrior,Ghoul,Biting Frost,Berserker Marauder,Alba Pikeman,Dimeritium Shackles,Clan Drummond Shieldmaiden
2017-09-07 23:28:37,Redanian Knight,Ambassador,Quen Sign,Impera Enforcers,Frightener,Vanhemar,Gremist
2017-09-07 23:27:54,Kaedweni Sergeant,Fire Scorpion,Blue Stripes Commando,Dwarven Skirmisher,Magne Division,Clan Dimun Pirate Captain,Ice Giant
2017-09-07 23:27:13,Arachas Venom,Dwarven Mercenary,Blue Stripes Scout,Redanian Knight-Elect,Clan an Craite Raider,Temerian Infantryman,Cockatrice
2017-09-06 21:42:34,Torrential Rain,Clan Tuirseach Skirmishers,Champion of Champions,Reinforced Trebuchet,Treason,Operator,Crone: Brewess
2017-09-04 22:42:39,Rot Tosser,Epidemic,Reinforced Trebuchet,Alba Spearmen,Cyprian Wiley*,Cynthia,Sigrdrifa
2017-09-03 19:13:52,Torrential Rain,Rot Tosser,Impera Enforcers,Clan Tuirseach Skirmishers*,Reinforced Ballista,Harpy,Queensguard
2017-09-03 19:13:01,Dol Blathanna Marksman,Black Infantry Arbalest,Clan Tordarroch Shieldsmith,Alchemist,Iris,Prince Stennis,Yaevinn
2017-09-03 19:12:11,Reaver Hunter,Clan Dimun Pirate,Vrihedd Officer,Vicovaro Medic,Wild Hunt Longship,Daerlan Foot Soldiers,Blue Stripes Commando
2017-09-03 19:11:37,Dwarven Mercenary,Archgriffin,Clan Heymaey Skald,Fire Scorpion,Ekimmara,Temerian Infantryman,Nauzicaa Standard Bearer
2017-09-03 19:10:50,Shadow,Impenetrable Fog,Blue Stripes Commando,Blue Stripes Scout,Reinforcement*,Jutta an Dimun,Crone: Weavess
2017-09-03 12:15:49,Impera Enforcers,Reinforced Trebuchet,Clan Tordarroch Shieldsmith,Torrential Rain,Archespore,Clan Brokvar Hunter,Hawker Support
2017-09-02 16:08:40,Nilfgaardian Knight,Foglet,Blue Mountain Commando,Archgriffin,Blue Stripes Commando*,Vrihedd Vanguard,Spotter
2017-09-02 16:07:59,Clan Tordarroch Armorsmith,Vicovaro Medic,Swallow Potion,Alzur’s Thunder,Ida Emean*,The Guardian,Decoy
2017-09-02 16:06:57,Fiend,Kaedweni Sergeant,Elven Wardancer,Vanhemar,Dwarven Agitator,Daerlan Foot Soldiers,Ancient Foglet
2017-09-02 16:06:15,Wild Hunt Rider,Light Longship,Biting Frost,Commando Neophyte,Wild Boar of the Sea,Triss Merigold,Vilgefortz
2017-09-02 16:05:25,Ballista,Drowner,Clan Tordarroch Shieldsmith,Lacerate,Bloodcurdling Roar,Redanian Elite,Clan Brokvar Hunter
2017-09-02 16:04:47,Alzur’s Thunder,Kaedweni Sergeant,Commando Neophyte*,Queensguard,Herbalist*,Battering Ram,Overdose
2017-09-02 16:03:49,Rot Tosser,Impenetrable Fog,Clan Drummond Shieldmaiden,Clan Brokvar Archer,Wild Hunt Longship,Savage Bear,Emissary
2017-09-02 16:03:19,Torrential Rain,Field Medic,Alzur’s Thunder,Thunderbolt Potion,Ban Ard Tutor,War Longship,Magne Division
2017-08-31 23:05:33,Hawker Healer,Light Longship,Impera Enforcers,Impenetrable Fog,Dwarven Agitator*,Mardroeme,Spotter
2017-08-31 23:04:54,Berserker Marauder,Ida Emean,Thunderbolt Potion,Hawker Healer,Infiltrator,Blue Stripes Commando,Hawker Support
2017-08-31 23:03:46,Vrihedd Officer,Kaedweni Sergeant,Archgriffin,Dwarven Skirmisher,Abaya,School of the Wolf: Vesemir,Yarpen Zigrin
2017-08-31 23:01:51,Wild Hunt Rider,Dwarven Mercenary,Wild Hunt Rider,Fire Scorpion,Full Moon Potion,Mahakam Defender,Battering Ram
2017-08-31 23:01:05,Kaedweni Sergeant,Nauzicaa Brigade,Hawker Smuggler,Reinforced Trebuchet,Vrihedd Sappers,Emissary,Reinforced Siege Tower
2017-08-31 22:59:36,Thunderbolt Potion,Redanian Knight,Alba Spearmen,Blue Stripes Scout,Reinforcement,Olgierd,Monster Nest
2017-08-31 22:58:16,Impera Enforcers,Earth Elemental,Archgriffin,Clan Brokvar Archer,Hawker Support,Blue Stripes Commando,Ancient Foglet
2017-08-31 22:57:37,Clan An Craite Warcrier,Alba Spearmen,Fire Scorpion,Dol Blathanna Archer,Dwarven Agitator,Queensguard,Ekimmara
2017-08-31 22:50:57,Clan Brokvar Archer,Biting Frost,Imperial Golem,Kaedweni Sergeant,Queensguard*,Arachas Behemoth,Adrenaline Rush
2017-08-31 22:50:23,Dwarven Skirmisher,Wild Hunt Longship,Elven Wardancer,Impera Enforcers,Mahakam Pyrotechnician,War Longship,Temerian Infantryman
2017-08-31 22:49:37,Vrihedd Officer,Arachas Venom,Ballista,Clan Dimun Pirate,Clan Dimun Pirate Captain,Ancient Foglet,Vrihedd Brigade
2017-08-31 22:48:52,Elven Wardancer,Tridam Infantryman,Dwarven Mercenary,Berserker Marauder,Savage Bear,Epidemic,Blue Stripes Commando
2017-08-31 22:48:12,Berserker Marauder,Toad Prince,Arachas,Clan Drummond Shieldmaiden,Elven Mercenary,Dun Banner Light Cavalry,Ekimmara
2017-08-31 22:47:25,Tridam Infantryman,Dwarven Mercenary,Field Medic,Arachas Venom,Adrenaline Rush,Priestess of Freya,Reinforced Siege Tower
2017-08-31 22:46:46,Wild Hunt Rider,Aretuza Adept,Torrential Rain,Celaeno Harpy,Dun Banner Light Cavalry,Vrihedd Vanguard,Clan Drummond Shieldmaiden
2017-08-31 22:46:08,Griffin,Shani,Impera Enforcers,Reaver Hunter,Elven Mercenary,Whale Harpooner,Bloodcurdling Roar
2017-08-31 22:45:08,Reaver Hunter,Hawker Healer,Nilfgaardian Knight,Clan Heymaey Skald,Dimeritium Shackles,Vrihedd Vanguard,Reinforced Siege Tower
2017-08-31 22:44:23,Swallow Potion,Nauzicaa Brigade,Kaedweni Sergeant,Nilfgaardian Knight,Arachas Behemoth,Epidemic,Queensguard
2017-08-31 22:43:43,Ghoul,Clan Tordarroch Shieldsmith,Torrential Rain,Wild Hunt Rider,Temerian Infantryman,Vrihedd Brigade,Priestess of Freya
2017-08-31 22:42:23,Clan Tordarroch Armorsmith,Nauzicaa Brigade,Quen Sign,Wild Hunt Rider,Nature’s Gift*,School of the Wolf: Eskel*,Margarita Laux-Antille
2017-08-31 22:40:58,Wild Hunt Rider,Alchemist,Clan Tuirseach Skirmishers,Light Longship,Ekimmara*,Clan Tuirseach Axeman,Combat Engineer
2017-08-31 22:40:13,Celaeno Harpy,Temerian Drummer,Alzur’s Thunder,Kaedweni Siege Platform,Reinforced Siege Tower,Vrihedd Sappers,Clan Drummond Shieldmaiden
2017-08-31 22:37:09,Clan Dimun Pirate,Wild Hunt Navigator,Foglet,Elven Wardancer,Shadow,Roach,Sile de Tansarville
2017-08-31 22:36:24,Clan Brokvar Archer,Wild Hunt Rider,Vrihedd Officer,Elven Wardancer,Poor Flanking Infantry,Savage Bear,Spotter
2017-08-31 22:35:48,Commando Neophyte,Alba Spearmen,Alchemist,Ambassador,Cockatrice,Hawker Support,Magne Division
2017-08-31 22:35:06,Quen Sign,Ballista,Fiend,Dol Blathanna Archer,Artefact Compression,Katakan,Sigrdrifa
2017-08-31 22:34:24,Redanian Knight,Reaver Hunter,Dol Blathanna Archer,Clan An Craite Warcrier,Prize-Winning Cow,Fake Ciri,Jotunn
2017-08-31 22:33:28,Sage,Wild Hunt Rider,Combat Engineer,Clan Tordarroch Armorsmith,Elven Mercenary,Vicovaro Novice,Raging Berserker
2017-08-31 22:32:45,Clan Brokvar Archer,Impenetrable Fog,Black Infantry Arbalest,Vrihedd Officer,Toruviel,Nithral,Holger Blackhand
2017-08-31 22:31:54,Blue Mountain Commando,Temerian Infantryman,Quen Sign,Kaedweni Sergeant,Elven Mercenary,Clan an Craite Raider,Infiltrator
2017-08-31 22:31:09,Light Longship,Swallow Potion,Griffin,Commando Neophyte,Reaver Scout,Mahakam Defender,Ice Giant
2017-08-31 22:30:29,Adrenaline Rush,Auckes,Daerlan Foot Soldiers,Trebuchet,Bekker’s Twisted Mirror,Morenn,Serrit
2017-08-31 22:29:35,Griffin,Mangonel,Dwarven Mercenary,Dwarven Skirmisher,Reinforced Ballista,Clan Drummond Shieldmaiden,Mahakam Guard
2017-08-31 22:28:42,Clan Tordarroch Armorsmith,Fiend,Wild Hunt Rider,Blue Stripes Commando,Magne Division,War Longship,Ekimmara
2017-08-31 22:27:53,Clan Brokvar Archer,Quen Sign,Temerian Infantryman,Reaver Hunter,Nilfgaardian Standard Bearer,Reinforced Siege Tower,Adrenaline Rush
2017-08-31 22:27:02,Redanian Knight*,Foglet,Ballista,Reaver Hunter,Wild Hunt Hound,Infiltrator,Reinforced Siege Tower
2017-08-31 22:25:49,Mangonel,Clan Brokvar Archer,Katakan,Redanian Knight,Clan Tuirseach Axeman,Temerian Infantryman,Dimeritium Shackles
2017-08-31 22:23:54,Wild Hunt Rider,Fire Scorpion,Commando Neophyte*,Reaver Hunter,Dwarven Agitator,Queensguard,Dimeritium Shackles
2017-08-31 22:23:02,Redanian Knight-Elect,Alchemist,Clan Brokvar Archer,Wild Hunt Warrior,Zoltan Chivay,Royal Decree,Wild Boar of the Sea
2017-08-31 22:21:06,Wyvern,Alba Spearmen,Black Infantry Arbalest,First Light,Imperial Golem,Temerian Infantryman,Cockatrice
2017-08-31 22:19:46,Dwarven Skirmisher,Drowner,Alchemist,Biting Frost,Abaya,Sile de Tansarville,Merigold’s Hailstorm
2017-08-31 22:18:53,Ghoul,Clan Heymaey Skald,Ballista,Reinforced Trebuchet,Morkvarg,Necromancy,Thaler
2017-08-31 22:17:58,Torrential Rain,Dwarven Skirmisher,Jotunn,Sile de Tansarville,Ban Ard Tutor,Wild Hunt Longship,Mahakam Guard
2017-08-31 22:16:50,Draig Bon-Dhu,Hawker Healer,Redanian Knight-Elect,Herbalist,Vrihedd Vanguard,Ice Giant,Mardroeme
2017-08-10 23:26:26,Dol Blathanna Protector,Archgriffin,Mahakam Guard,Clan An Craite Warcrier,Dimeritium Shackles*,Hawker Smuggler,Reaver Scout
2017-08-10 23:25:30,Wild Hunt Warrior,Clan An Craite Warrior,Blue Stripes Scout,Archgriffin,Clan Drummond Shieldmaiden,Kaedweni Siege Support,Mahakam Defender
2017-08-09 22:41:26,Reinforced Trebuchet,Reaver Hunter,Dwarven Skirmisher,Clan Brokvar Archer,Redanian Elite*,Imperial Golem,Clan an Craite Raider
2017-08-09 22:40:51,Clan Brokvar Archer,Dol Blathanna Marksman,Archgriffin,Clan Heymaey Skald,Dol Blathanna Protector*,Imperial Golem,Nekker*
2017-08-08 18:18:24,Alba Spearmen,Alchemist,Ambassador,Biting Frost,Temerian Infantryman,Imperial Golem,Clan Dimun Pirate Captain
2017-08-07 11:47:12,Clan An Craite Warrior,Clan Brokvar Archer,Dwarven Skirmisher,Swallow Potion,War Longship,Nauzicaa Standard Bearer,Blue Stripes Commando
2017-08-07 11:46:22,Ghoul,Celaeno Harpy,Drowner,Ballista,Wild Hunt Hound,Temerian Infantryman,War Longship
2017-08-07 11:44:59,Redanian Knight-Elect,First Light,Swallow Potion,Queensguard,Dol Blathanna Protector,Nekker,Aretuza Adept
2017-08-07 11:44:22,Lacerate,Quen Sign,Arachas Venom,Thunderbolt Potion,Vicovaro Novice,Overdose,Dun Banner Heavy Cavalry
2017-08-07 11:43:51,Alchemist,Dol Blathanna Archer,Reaver Hunter,Trebuchet,Alba Pikeman,Epidemic,Ice Giant
2017-08-07 11:43:13,Torrential Rain,Dwarven Mercenary,Ghoul,Redanian Knight-Elect,Blue Stripes Commando,Hawker Smuggler,Epidemic
2017-08-07 11:42:37,Quen Sign,Drowner,Reaver Hunter*,Light Longship,Blue Stripes Commando,Nekker Warrior,Vrihedd Brigade
2017-08-06 14:56:54,Fire Scorpion,Mangonel,Wild Hunt Rider,Blue Stripes Commando,Joachim De Wett*,Commander’s Horn,Monster Nest
2017-08-06 14:56:02,Clan Tordarroch Shieldsmith,Wild Hunt Rider,Arachas,Dun Banner Heavy Cavalry,Myrgtabrakke,Fake Ciri,Aelirenn
2017-08-05 20:39:46,Rot Tosser,Blue Stripes Scout,Reaver Hunter,Reinforced Trebuchet,Arachas Behemoth*,Temerian Infantryman,Overdose
2017-08-04 18:37:59,Sarah,Rot Tosser,Operator,Biting Frost,Blueboy Lugos*,Katakan,Pavetta
2017-08-03 18:39:49,Biting Frost,Black Infantry Arbalest,Wyvern,Impenetrable Fog,Savage Bear,Elven Mercenary,Harpy
2017-08-01 23:02:20,Tridam Infantryman,Wild Hunt Rider,Archgriffin,Berserker Marauder,Albrich,Sile de Tansarville,Djenge Frett
2017-08-01 18:33:10,Swallow Potion,Summoning Circle,Dwarven Skirmisher,Biting Frost,Aretuza Adept,Immune Boost,Dol Blathanna Trapper
2017-07-31 20:42:11,Clan Brokvar Archer,Nauzicaa Standard Bearer,Earth Elemental,Dol Blathanna Trapper,Monster Nest,Malena,Manticore Venom
2017-07-31 20:40:08,Wild Hunt Rider,Blue Stripes Scout,Clan Tordarroch Armorsmith,Drowner,Dol Blathanna Protector,Harpy,Stammelford’s Tremors
2017-07-31 20:38:57,Field Medic,Reaver Hunter,Tridam Infantryman,Stammelford’s Tremors,Kaedweni Siege Support,Impera Brigade,Nekker Warrior
2017-07-29 10:47:54,Swallow Potion,Clan An Craite Warrior,Reaver Hunter,Reaver Hunter,Vrihedd Brigade,Vran Warrior,Daerlan Foot Soldiers
2017-07-27 22:28:46,Decoy,Torrential Rain,Arachas,Nauzicaa Brigade,Mahakam Guard*,Mardroeme,Redanian Elite
2017-07-26 18:56:06,Quen Sign,Ambassador,Griffin,Celaeno Harpy,Nekker Warrior*,Reaver Scout,Vrihedd Brigade
2017-07-26 18:55:16,Clan Tordarroch Shieldsmith,Arachas Behemoth,Reaver Hunter,Commando Neophyte,Wild Hunt Hound,Queensguard,Nauzicaa Standard Bearer
2017-07-26 18:54:31,Dwarven Skirmisher,Clan An Craite Warcrier,Ghoul,Biting Frost,Clan Drummond Shieldmaiden,Bloodcurdling Roar,Blue Stripes Commando
2017-07-26 18:53:37,Reaver Hunter,Reinforced Trebuchet,Reaver Hunter,Blue Mountain Commando,Mahakam Guard*,Impera Brigade,Aretuza Adept
2017-07-26 18:52:55,Wild Hunt Rider,Reaver Hunter,Drowner,Field Medic,Clan Brokvar Hunter*,Temerian Infantryman,Bloodcurdling Roar
2017-07-26 18:52:10,Vrihedd Officer,Ballista,Nilfgaardian Knight,Elven Wardancer,Hawker Support,Epidemic,Combat Engineer
2017-07-25 20:01:22,Alba Spearmen,Earth Elemental,Dwarven Mercenary,Kaedweni Siege Platform,Morenn,Monster Nest,Sabrina Glevissig
2017-07-23 23:34:53,Earth Elemental,Reaver Hunter,Clan Brokvar Archer,The Guardian,Clan Brokvar Hunter,Mahakam Defender,Mardroeme
2017-07-23 23:34:15,Clan Tordarroch Shieldsmith,Vrihedd Dragoon,Elven Wardancer,Trebuchet,Thaler,Bekker’s Twisted Mirror,Braenn
2017-07-20 23:02:46,Blue Mountain Commando,Nekker*,Hawker Smuggler,Clan Tordarroch Armorsmith,Clan Tuirseach Axeman,Nekker Warrior,Mahakam Defender
2017-07-19 23:22:24,Griffin*,Hawker Healer,Rot Tosser,Ambassador,Caretaker,John Natalis,Menno Coehoorn
2017-07-19 22:59:06,Commando Neophyte,Alba Spearmen,Clan Tordarroch Armorsmith,Wyvern,Reinforced Ballista,Vrihedd Sappers,Vicovaro Medic
2017-07-19 22:58:22,Arachas,Ekimmara,Clan An Craite Warcrier,Alzur’s Thunder,Vicovaro Novice*,Ancient Foglet,Reaver Scout
2017-07-19 22:57:31,Elven Wardancer,Reaver Hunter,Reaver Hunter,Kaedweni Siege Platform,Bloodcurdling Roar,Queensguard,Blue Stripes Commando
2017-07-19 22:56:53,Arachas Venom,Trebuchet,Mangonel,Ghoul,Giant Toad,Fake Ciri,Donar an Hindar
2017-07-18 22:22:04,Arachas,Alzur’s Thunder,Reinforced Trebuchet,Blue Mountain Commando,Kaedweni Siege Support,Priestess of Freya,Daerlan Foot Soldiers
2017-07-17 20:09:27,Clan Tordarroch Armorsmith,Nauzicaa Brigade,Arachas Venom,Alba Spearmen,Clan Brokvar Hunter*,Ice Giant,Vrihedd Brigade
2017-07-03 20:37:21,Griffin,Archgriffin,Light Longship,Berserker Marauder,Dol Blathanna Trapper,Clan Dimun Pirate Captain,Overdose
2017-07-03 20:36:36,Clan Brokvar Archer,Trebuchet,Clan Dimun Pirate,Thunderbolt Potion,Imperial Golem,Vrihedd Brigade,Clan Brokvar Hunter
2017-07-02 20:53:10,Harpy,Ermion,Blue Mountain Commando,Black Infantry Arbalest,Old Speartip: Asleep,Hjalmar,Royal Decree
2017-06-30 18:48:58,Vrihedd Brigade,Clan Brokvar Archer,Celaeno Harpy,Redanian Knight,Ekimmara,Clan Drummond Shieldmaiden,Spotter
2017-06-30 18:48:11,Commando Neophyte,Clan Drummond Shieldmaiden,Dol Blathanna Protector*,Reaver Hunter,Arachas Behemoth,Clan Dimun Pirate Captain,Reinforced Siege Tower
2017-06-29 20:40:13,Impera Enforcers,Wild Hunt Rider,Nauzicaa Standard Bearer,Clan An Craite Warcrier,Ancient Foglet,Raging Berserker,Spotter
2017-06-27 19:47:33,Ballista,Nilfgaardian Knight,Kaedweni Siege Platform,Reaver Hunter,Queensguard,Emissary,Mahakam Defender
2017-06-26 19:56:17,Chort,Tridam Infantryman,Vrihedd Dragoon,Swallow Potion,Vran Warrior,Adrenaline Rush,Hawker Smuggler
2017-06-26 19:55:31,Priestess of Freya,Clan An Craite Warrior,Alzur’s Thunder,Quen Sign,Queensguard,Reinforced Siege Tower,Epidemic
2017-06-26 19:54:21,Black Infantry Arbalest,Blue Mountain Commando,Overdose,Dwarven Skirmisher,Dol Blathanna Trapper,Epidemic,Clan Dimun Pirate Captain
2017-06-26 19:53:41,Griffin,Cantarella,First Light,Clan Brokvar Archer,Clan Brokvar Hunter,Vran Warrior,Temerian Infantryman
2017-06-25 18:51:16,Clan an Craite Raider,Vrihedd Dragoon,Impenetrable Fog,Kaedweni Sergeant,Queensguard,Emissary,Hawker Support
2017-06-24 20:39:00,Clan Tordarroch Shieldsmith,Thunderbolt Potion,Reinforced Trebuchet,Clan Heymaey Skald,Crone: Whispess*,Skjall,Nature’s Gift
2017-06-16 00:09:47,Wild Hunt Rider,Light Longship,Nilfgaardian Knight,Blue Mountain Commando,Queensguard,Alba Pikeman,Mahakam Guard
2017-06-16 00:09:02,Impenetrable Fog,Clan Drummond Shieldmaiden,Clan Brokvar Archer,Impera Enforcers,Vicovaro Novice*,Reaver Scout,Ice Giant
2017-06-14 23:18:24,Biting Frost,Dun Banner Heavy Cavalry*,Elven Wardancer,Chort,Savage Bear,Blue Stripes Commando,Hawker Smuggler
2017-06-14 22:55:35,Mardroeme,Blue Mountain Commando,Wild Hunt Rider,First Light,Queensguard,Dol Blathanna Trapper,Stammelford’s Tremors
2017-06-14 22:53:43,Clan Dimun Pirate,Wild Hunt Rider,Dol Blathanna Archer,Clan Drummond Shieldmaiden,Nekker Warrior,Clan Drummond Shieldmaiden,Nauzicaa Standard Bearer
2017-06-14 22:52:34,Fire Scorpion,Clan Heymaey Skald,Wild Hunt Rider,Griffin,Clan Drummond Shieldmaiden,Vran Warrior,Alba Pikeman
2017-06-14 22:51:16,Vrihedd Officer,Redanian Elite,Drowner,Clan Tuirseach Skirmishers,Vicovaro Novice,Reinforced Ballista,Clan an Craite Raider
2017-06-14 00:22:06,Alba Spearmen,Clan Brokvar Archer,Tridam Infantryman,Wild Hunt Warrior,Lacerate*,Wild Hunt Hound,Queensguard
2017-06-14 00:21:34,Tridam Infantryman,Black Infantry Arbalest,Clan Tuirseach Skirmishers,Merigold’s Hailstorm,Harpy,Vrihedd Sappers,Raging Berserker
2017-06-12 23:03:32,Hawker Healer,Mangonel,Commando Neophyte,Wild Hunt Rider*,Ekimmara,Emissary,Bloodcurdling Roar
2017-06-12 00:18:50,Alba Spearmen,Griffin,Wild Hunt Rider,Wild Hunt Rider,Mahakam Defender,Ancient Foglet,Raging Berserker
2017-06-12 00:18:05,Redanian Knight-Elect,Celaeno Harpy,Thunderbolt Potion,Nilfgaardian Knight,Clan Drummond Shieldmaiden,Redanian Elite,Vrihedd Sappers
2017-06-11 15:34:10,Clan Dimun Pirate,Foglet,Redanian Knight,Clan An Craite Warcrier,Blue Stripes Commando,Lacerate,Alba Pikeman
2017-06-10 14:49:00,Clan Dimun Pirate,Tridam Infantryman,Torrential Rain,Trebuchet,Nekker*,Clan an Craite Raider,Spotter
2017-06-09 20:47:08,Griffin,Trebuchet,Nilfgaardian Knight,Fire Scorpion,Hawker Smuggler,Dun Banner Heavy Cavalry,Overdose
2017-06-09 20:46:09,Foglet,Reinforced Trebuchet,Clan An Craite Warcrier,Archgriffin,Clan Drummond Shieldmaiden,Daerlan Foot Soldiers,Vran Warrior
2017-06-08 20:36:04,War Longship,Dol Blathanna Archer,Redanian Knight-Elect,Rot Tosser,Kaedweni Siege Support,Bloodcurdling Roar,Vicovaro Novice
2017-06-06 23:03:09,Nekker*,Alchemist,Mangonel,Hawker Healer,Harpy,Blue Stripes Commando,Adrenaline Rush
2017-06-06 23:02:22,Rot Tosser,Clan Tuirseach Skirmishers,Dol Blathanna Archer,Ballista,Aretuza Adept,Alba Pikeman,Vrihedd Brigade
2017-06-05 23:04:06,Thunderbolt Potion,Reinforced Trebuchet,Arachas Venom,Impera Enforcers*,Hawker Smuggler,Queensguard,Nekker
2017-06-05 20:13:00,Mangonel,Kaedweni Siege Platform,Reinforced Trebuchet,Clan Dimun Pirate Captain,Imperial Golem,Priestess of Freya,Nekker
2017-06-03 22:10:42,Wild Hunt Rider,Light Longship,Alba Spearmen,Blue Mountain Commando,Ragh Nar Roog,Kayran,Rainfarn
2017-06-03 13:56:13,Light Longship*,Arachas,Hawker Healer,Chort,Impera Brigade,Epidemic,Blue Stripes Commando
2017-06-03 13:55:22,Blue Mountain Commando,Blue Stripes Commando,Trebuchet,Impera Enforcers,Sweers,Morenn,Blueboy Lugos
2017-06-03 13:53:05,Wild Hunt Warrior,Swallow Potion,Epidemic,Tridam Infantryman,Vran Warrior,Bloodcurdling Roar,Vicovaro Medic
2017-06-01 21:32:11,Elven Wardancer,Vrihedd Sappers,Wild Hunt Rider,Commando Neophyte,Drought,Draug,Ithlinne
2017-05-30 23:29:33,Wild Hunt Rider,Clan Dimun Pirate,Reaver Hunter,Wild Hunt Warrior,Reinforced Ballista,Clan Drummond Shieldmaiden*,Nekker
2017-05-29 22:52:18,Impenetrable Fog,Ice Giant,Fire Scorpion,Peter Saar Gwynleve,Combat Engineer,Epidemic,Priestess of Freya
2017-05-29 22:51:31,Clan Heymaey Skald,Alba Spearmen,Impera Enforcers,Vicovaro Novice,Crone: Whispess,Blueboy Lugos,Lubberkin
2017-05-28 23:04:03,Dol Blathanna Archer,Reinforced Trebuchet,Ancient Foglet,Ambassador,Clan Drummond Shieldmaiden*,Reinforced Ballista,Nekker Warrior
2017-05-28 23:03:10,Emissary,Clan An Craite Warrior,Chort,Earth Elemental,Reinforced Ballista,Overdose,Vrihedd Vanguard
2017-05-27 22:56:13,Clan Heymaey Skald,Rot Tosser,Ambassador,Nauzicaa Brigade,Ekimmara,Queensguard,Nauzicaa Standard Bearer
2017-05-27 22:54:45,Reaver Hunter,Drowner,Clan An Craite Warrior,Black Infantry Arbalest,Spotter,Nekker Warrior,Dol Blathanna Protector
2017-05-27 22:53:57,Celaeno Harpy,Trebuchet,Redanian Knight-Elect,Torrential Rain,Nekker Warrior*,Vicovaro Medic,Hawker Support
2017-05-27 20:00:35,Dwarven Mercenary,Chort,Clan Dimun Pirate,Wyvern,Vicovaro Novice,Raging Berserker,Elven Mercenary
2017-05-27 19:59:55,Redanian Knight-Elect,Commando Neophyte,Mangonel,Reaver Hunter,Vicovaro Novice,Clan Tuirseach Axeman,Epidemic
2017-05-27 19:59:13,Earth Elemental,Hawker Healer,Clan An Craite Warcrier,Celaeno Harpy,Nauzicaa Standard Bearer,Clan an Craite Raider,Wild Hunt Hound
2017-05-27 19:58:25,Reaver Hunter,Ghoul,Redanian Knight-Elect,Thunderbolt Potion,Nekker,Vrihedd Sappers,Combat Engineer
2017-05-27 19:57:33,Redanian Knight,Alba Spearmen,Tridam Infantryman,Arachas Venom,Ice Giant,Daerlan Foot Soldiers,Vrihedd Brigade
2017-05-27 19:56:47,Clan Tordarroch Shieldsmith,Wild Hunt Rider,Quen Sign,Ghoul,Clan Brokvar Hunter,Dol Blathanna Protector,Blue Stripes Commando
2017-05-27 19:54:47,Impera Enforcers,Arachas Venom,Swallow Potion,Archgriffin,Blue Stripes Commando,Queensguard,Hawker Smuggler
2017-05-27 19:32:06,Foglet,Alzur’s Thunder,Reaver Hunter,Wild Hunt Rider,Savage Bear,Dun Banner Heavy Cavalry,Immune Boost
2017-05-27 19:31:10,Reaver Hunter,Wild Hunt Warrior,Arachas Venom,Celaeno Harpy,Mahakam Defender*,Alba Pikeman,Clan Brokvar Hunter
2017-05-27 19:29:31,Clan Dimun Pirate,First Light,Rot Tosser,Clan Heymaey Skald,Nauzicaa Standard Bearer,Temerian Infantryman,Vrihedd Vanguard
2017-05-27 19:28:31,Clan Tordarroch Shieldsmith,Bloodcurdling Roar,Mangonel,First Light,Donar an Hindar,Summoning Circle,Giant Toad
2017-05-27 19:26:31,Arachas Venom,Mangonel,Dwarven Skirmisher,Reaver Hunter,Sarah,Manticore,Nenneke
2017-05-27 18:44:28,Dol Blathanna Marksman,Alba Spearmen,Mangonel,Nilfgaardian Knight,Dun Banner Light Cavalry*,Wild Hunt Hound,Vrihedd Vanguard
2017-05-27 18:43:28,Clan Drummond Shieldmaiden,Reaver Hunter,Mangonel,Kaedweni Sergeant*,Fringilla Vigo,Grave Hag,Odrin
2017-05-27 18:41:43,Quen Sign,Arachas Venom,Nauzicaa Brigade,Commando Neophyte,Adrenaline Rush,Mahakam Guard,Wild Hunt Hound
2017-05-27 18:40:40,Chort,Berserker Marauder,Dol Blathanna Marksman,Redanian Knight,Stammelford’s Tremors*,Temerian Infantryman,Clan Drummond Shieldmaiden
2017-05-27 18:39:45,Tridam Infantryman,Blue Mountain Commando,Nilfgaardian Knight,Redanian Knight-Elect,Prince Stennis,Jotunn,Decoy
2017-05-27 17:08:57,Ballista,Wild Hunt Rider*,Celaeno Harpy,Foglet,Reinforced Siege Tower,Queensguard,Vran Warrior
2017-05-27 17:08:02,Light Longship,Quen Sign,The Guardian,Chort,Wild Hunt Navigator,Raging Berserker,Epidemic
2017-05-27 17:06:53,Mangonel,Nilfgaardian Knight,Priestess of Freya,Biting Frost,Vanhemar,Thaler,Gremist
2017-05-27 17:03:27,Fire Scorpion,Wild Hunt Rider,Foglet*,Ghoul,Savage Bear,Dimeritium Shackles,Vicovaro Medic
2017-05-27 17:02:22,Hawker Healer,Epidemic,Light Longship,Reaver Hunter,Immune Boost,Vicovaro Medic,Dun Banner Heavy Cavalry
2017-05-27 16:30:50,Wild Hunt Warrior,Vrihedd Dragoon,Berserker Marauder,Dwarven Skirmisher,Ocvist,Djenge Frett,Dethmold
2017-05-27 16:28:36,Dol Blathanna Archer,Vrihedd Sappers,Trebuchet,Rot Tosser,War Longship,Mahakam Defender,Lacerate
2017-05-27 16:27:42,Wild Hunt Rider,Blue Stripes Scout,Thunderbolt Potion,Vrihedd Dragoon*,Wild Hunt Hound,Emissary,Bloodcurdling Roar
2017-05-27 16:26:27,Lacerate,Vrihedd Officer,Clan Heymaey Skald,Daerlan Foot Soldiers,Vicovaro Medic,Dun Banner Heavy Cavalry,Ice Giant
2017-05-27 16:24:10,Manticore Venom,Arachas,Trebuchet,Drowner,Auckes,Margarita Laux–Antille,Dudu
2017-05-27 15:40:05,Blue Mountain Commando,Alba Spearmen*,Dol Blathanna Marksman,Quen Sign,Leo Bonhart,Avallac’h,Priscilla
2017-05-27 15:34:15,Clan Dimun Pirate Captain,Tridam Infantryman,Ghoul,Commando Neophyte,Draig Bon–Dhu,Dennis Cranmer,Fringilla Vigo
2017-05-27 15:32:19,Field Medic,Blue Stripes Scout,Light Longship,Dethmold,Olgierd,Botchling,Sweers
2017-05-27 15:29:03,Reaver Hunter,Foglet,Rot Tosser,Raging Berserker,Queensguard,Daerlan Foot Soldiers,Dol Blathanna Trapper
2017-05-27 15:28:02,Clan Tuirseach Skirmishers,Reaver Hunter,Clan Heymaey Skald,Kaedweni Siege Platform,Blue Stripes Commando,Vrihedd Sappers,Spotter
2017-05-27 15:26:54,Ghoul,Dol Blathanna Marksman,Clan Tordarroch Armorsmith,Light Longship,Blue Stripes Commando,Wild Hunt Hound,Dol Blathanna Protector
2017-05-27 15:25:53,Impenetrable Fog,Nekker,Vrihedd Brigade,Wild Hunt Rider,Temerian Infantryman,Emissary,Adrenaline Rush
2017-05-27 15:24:59,Rot Tosser*,Kaedweni Siege Platform,Arachas Venom,Impenetrable Fog,Temerian Infantryman,Mahakam Defender,Overdose
2017-05-27 15:23:30,Thunderbolt Potion,Foglet,Reaver Hunter,Botchling,Raging Berserker,Nekker Warrior,Hawker Support
2017-05-27 15:19:23,Reaver Hunter,Wild Hunt Warrior,First Light,Wild Hunt Rider*,Grave Hag,Sabrina Glevissig,Lambert
2017-05-27 15:16:50,Chort,Ancient Foglet,Dwarven Skirmisher*,Vrihedd Dragoon,Spotter,Stammelford’s Tremors,Ekimmara
2017-05-27 15:14:15,Alzur’s Thunder,Kaedweni Sergeant,Biting Frost,Tridam Infantryman,Blue Stripes Commando,Alba Pikeman,Ancient Foglet
2017-05-27 15:11:40,Reaver Hunter,Mangonel,Torrential Rain,Berserker Marauder,Nenneke,Skjall,Aelirenn
2017-05-27 13:55:16,Foglet,Impera Enforcers,Reaver Hunter,Arachas,Ceallach,Sarah,Braenn
2017-05-27 13:53:52,Clan Brokvar Archer,Clan An Craite Warrior,Blue Stripes Scout,Vrihedd Vanguard,Svanrige*,Fringilla Vigo,Decoy
2017-05-27 13:51:34,Earth Elemental,Black Infantry Arbalest,Commando Neophyte,Foglet,Impera Brigade,Wild Hunt Navigator,Mahakam Guard
2017-05-27 13:50:11,Ghoul,Reinforced Trebuchet*,Reaver Hunter,Clan Tordarroch Armorsmith,Dun Banner Heavy Cavalry*,Vicovaro Novice,Wild Hunt Hound
2017-05-27 13:48:43,Alba Spearmen,Pavetta,Fire Scorpion,Wyvern,Margarita Laux–Antille,King of Beggars,Skjall
2017-05-27 13:43:16,Impenetrable Fog,Ambassador,Wild Hunt Rider,Reaver Hunter,Clan Dimun Pirate Captain,Vrihedd Vanguard,Vicovaro Medic
2017-05-27 13:42:07,Clan Brokvar Archer,Celaeno Harpy,Biting Frost,Dwarven Mercenary,Raging Berserker,Overdose,Temerian Infantryman
2017-05-27 12:51:38,Light Longship,Wild Hunt Rider*,Temerian Infantryman,Impera Enforcers,Clan an Craite Raider,Blue Stripes Commando,Vicovaro Medic
2017-05-27 12:50:00,Reaver Hunter,Clan Tordarroch Shieldsmith,Wyvern,Clan An Craite Warcrier,Vrihedd Vanguard*,War Longship,Mardroeme
2017-05-27 12:48:54,Fire Scorpion,Clan Heymaey Skald,Hawker Healer,Foglet,Clan an Craite Raider,Harpy,Temerian Infantryman
2017-05-27 12:47:25,First Light*,Redanian Elite,Clan An Craite Warrior,Wild Hunt Rider,Daerlan Foot Soldiers,Wild Hunt Hound,Dun Banner Light Cavalry
2017-05-27 12:46:07,Bloodcurdling Roar,Vrihedd Officer,Quen Sign,Impenetrable Fog,Emissary,Wild Hunt Navigator,Vrihedd Vanguard
2017-05-27 12:45:00,Dol Blathanna Archer,Dwarven Skirmisher,Thunderbolt Potion,Biting Frost,Harpy*,Nauzicaa Standard Bearer,Dol Blathanna Protector
2017-05-27 12:21:48,Clan Dimun Pirate,Reaver Hunter,Wild Hunt Rider,Kaedweni Sergeant,Fake Ciri,Sheldon Skaggs,Nithral
2017-05-27 12:19:36,Wild Hunt Rider,Clan Tordarroch Armorsmith,Nauzicaa Brigade,Fire Scorpion,Reinforced Siege Tower,Queensguard,Elven Mercenary
2017-05-27 12:18:04,Archgriffin,Dimeritium Shackles,Alchemist,Fire Scorpion,Nekker Warrior,Queensguard,Stammelford’s Tremors
2017-05-27 12:16:31,Quen Sign,Wild Hunt Rider,Nauzicaa Brigade,Archgriffin,Queensguard,Vrihedd Vanguard,Stammelford’s Tremors
2017-05-27 12:14:51,Nilfgaardian Knight,Light Longship,Tridam Infantryman,Clan Dimun Pirate,Queensguard,Ancient Foglet,Dun Banner Light Cavalry
2017-05-27 12:13:17,Impenetrable Fog,Commando Neophyte,Ambassador,Chort,Vran Warrior,Blue Stripes Commando,Clan Drummond Shieldmaiden
2017-05-27 12:11:43,Celaeno Harpy,Clan Dimun Pirate,Wild Hunt Warrior,Impenetrable Fog,Spotter,War Longship,Aretuza Adept
2017-05-26 23:28:13,Reinforced Trebuchet,Griffin,Impenetrable Fog*,Rot Tosser,Elven Mercenary,Clan Brokvar Hunter,Blue Stripes Commando
2017-05-26 23:24:46,Arachas Venom,Dwarven Skirmisher,Tridam Infantryman,Wyvern,Overdose*,Ekimmara,Daerlan Foot Soldiers
2017-05-26 23:22:23,Kaedweni Siege Platform,Archgriffin,Griffin,Trebuchet,Daerlan Foot Soldiers,Mardroeme,Dun Banner Heavy Cavalry
2017-05-26 23:20:53,Mangonel,Field Medic,Kaedweni Siege Platform,Archgriffin,Jotunn,Nenneke,Malena
2017-05-26 23:17:22,First Light,Clan Tuirseach Skirmishers,Blue Stripes Scout,Clan Brokvar Archer,Alba Pikeman,Harpy,Clan Drummond Shieldmaiden
2017-05-26 23:14:46,Mangonel,Mahakam Guard,Redanian Knight,Wild Hunt Rider,Vrihedd Sappers,Aretuza Adept,Nauzicaa Standard Bearer
2017-05-26 22:34:11,Rot Tosser,Ballista,Celaeno Harpy,Dol Blathanna Archer,Priestess of Freya,Vicovaro Medic,Dol Blathanna Protector
2018-02-20 22:10:46,Archgriffin,Arachas Drone,Vicovaro Novice,Reaver Hunter*,Zoria Runestone,Roach,Derran
